id,label
301118,2
300277,2
301589,2
303135,1
303052,2
301767,2
302619,1
303090,2
303346,2
301793,2
301080,1
303037,2
300634,1
300094,1
303338,1
300960,3
301168,1
304144,1
300155,1
300126,1
301208,1
301492,1
303626,1
301004,1
301599,1
303971,1
304025,1
304587,1
301698,2
304491,3
300434,1
301925,1
300712,1
304056,3
301093,1
304975,1
302491,2
304707,1
301351,3
300565,1
303168,1
300420,3
304934,1
301786,2
302716,3
300482,1
302794,1
300760,2
302748,1
304669,1
304667,3
300182,2
300840,2
300203,1
300177,1
304829,2
304643,1
301313,3
303207,1
301741,1
300870,2
302575,1
304989,1
303518,1
304714,1
301725,2
302087,2
302855,1
303373,3
304493,1
303607,3
303143,1
303634,1
302153,3
304854,3
302780,1
301469,3
302078,2
300456,1
300298,1
304634,3
302229,1
303155,2
301457,3
303678,2
304752,1
302916,2
301552,1
302404,1
301366,1
303612,1
303885,1
303528,2
302301,1
302821,1
301527,1
304503,1
301489,2
304240,3
301672,1
302696,2
303633,1
300519,2
301092,1
304664,3
304570,1
301586,2
301658,3
300075,2
301971,1
301660,2
301515,2
304685,3
304006,2
300883,2
302143,3
304631,3
302098,2
303462,2
303077,1
303604,2
304059,3
300163,1
300546,1
303490,1
302980,1
301955,1
303161,1
300629,1
301519,2
302184,2
303787,2
300253,2
301076,1
304219,2
301576,2
301894,2
302431,1
304019,1
303175,2
304998,3
303132,1
301656,2
300708,2
300408,1
304472,3
302503,1
303849,1
303610,1
300187,1
301523,1
304723,3
303480,3
303632,3
303625,1
302403,3
301474,1
304542,1
300590,3
303376,1
302006,1
300863,1
302760,2
304711,2
301099,1
301826,1
301943,2
301435,2
300759,1
303539,3
302618,1
301119,3
300023,1
303855,1
303149,1
303602,2
304697,1
301917,1
304708,1
300586,1
304947,1
304796,1
303785,3
301360,1
303200,1
304555,1
301507,2
304382,1
304530,2
300610,2
301881,1
301278,1
303567,1
301333,1
301273,1
303073,1
300928,1
304699,1
303443,2
302709,2
301283,1
303621,1
303429,1
301938,3
303416,3
301084,2
301521,2
303473,1
304145,2
304231,1
304639,1
301880,1
300158,3
302292,1
304455,2
303513,3
301905,3
302877,2
301584,1
304335,1
303327,1
304666,1
303485,2
303560,2
303986,3
300297,1
303481,1
303463,1
304994,1
300700,2
303228,1
302650,2
301052,1
301860,3
302645,1
300169,2
303875,1
301209,1
301641,3
304521,1
304286,1
300029,1
304730,1
304670,2
301946,1
301254,1
304713,1
304132,1
304655,1
301530,1
304199,1
300602,1
300985,1
301477,1
300604,2
302008,3
303671,3
304763,1
302511,1
300531,1
300827,1
303963,3
301737,1
304863,2
302994,1
303725,1
300017,1
300952,1
302204,2
301148,1
303029,1
303896,1
304494,3
302209,1
301794,1
300823,1
304273,1
303336,1
303743,1
301133,1
300289,1
302411,1
301201,2
304485,1
301790,3
303447,1
303009,1
303454,2
304799,1
300515,2
301812,1
302142,2
301665,2
303026,1
300108,2
301920,1
304411,1
300113,3
300661,1
301798,2
304086,1
304728,3
302666,1
303510,3
302862,1
304743,1
302041,2
301328,3
303085,2
300810,1
303719,1
301234,2
303669,1
300841,1
301245,1
304246,2
303823,1
302131,1
303007,1
300063,1
301055,1
300570,3
301358,1
303064,1
302316,1
302756,1
303441,1
300326,2
303608,1
300806,1
304531,1
300601,1
303021,1
304042,1
303125,3
304801,3
302043,2
304093,1
304237,1
300522,2
301211,2
303501,1
304687,1
301260,2
302032,1
302274,1
302345,3
302162,1
303536,1
303459,2
302809,1
301304,1
300217,1
302225,1
302641,1
304528,2
301033,1
302494,3
303332,3
304968,2
303588,1
300850,1
304480,1
300151,1
303499,2
304079,2
304568,1
303417,2
301861,2
302574,1
301397,1
304390,3
304605,3
303653,1
304069,1
300849,2
302425,1
302603,3
302106,1
302812,1
302121,2
304726,2
302409,1
304773,3
302945,1
303761,1
300308,1
301977,2
304502,1
300703,1
304924,1
300672,3
300383,1
301468,1
302389,3
301262,1
300331,1
300322,2
302490,1
301781,1
304805,1
301991,1
303903,1
302736,1
304318,2
301813,3
304383,1
303860,1
304205,1
302636,2
302523,1
301395,1
301380,3
303954,3
300788,3
301263,1
301363,1
301684,3
302352,1
300798,1
304992,3
303713,1
303011,2
302871,1
303606,1
302407,2
302116,3
302633,2
302328,1
302563,2
304023,3
301286,3
304820,1
300365,3
304879,1
304575,1
300441,2
303909,2
300062,1
301229,1
304011,3
303503,2
301340,2
300999,2
302385,1
300537,1
303807,2
302185,1
304816,3
301998,3
303788,1
300154,2
302343,1
300955,3
300213,1
300413,1
304067,3
300296,3
303203,2
301828,2
303468,1
300859,3
300790,1
303313,1
303057,3
304140,1
301324,1
303253,3
301028,2
300543,1
304255,1
300811,3
304046,3
301609,1
303880,1
301422,3
302522,2
301924,2
303783,3
302898,1
300820,2
302255,3
301123,2
300983,1
300404,2
302528,1
303453,2
300687,1
304646,3
301573,1
301041,2
304003,3
301536,1
300403,1
301057,1
304130,1
302224,1
301403,2
300183,1
302387,2
300225,1
302918,2
303673,1
300088,1
301774,2
302351,1
301228,1
300835,3
304614,1
300049,3
301451,2
303133,3
304788,2
300424,2
304173,1
304375,3
303694,3
301060,1
303312,2
302256,1
304151,1
300763,3
300256,1
303154,3
302497,2
304410,2
302940,2
303173,3
303013,1
300812,2
304221,3
302179,3
302171,1
300544,1
302583,3
303440,1
304840,1
302857,2
302100,3
301012,2
302697,3
300825,2
304122,1
301996,1
300294,1
304250,3
303628,1
300364,1
300580,2
301393,1
301095,1
304044,1
300603,1
300912,1
300021,3
300010,2
303165,3
300528,2
301701,1
300215,1
301279,1
301642,1
303121,1
304201,2
304642,1
304967,1
303129,3
303650,2
304338,1
304066,2
301216,2
303698,1
301019,1
300729,1
303958,3
304275,1
304004,3
304501,2
303008,3
302346,3
302850,1
302201,2
302840,3
300954,2
304249,3
304414,2
300718,1
302221,1
301875,3
300563,1
300737,1
304157,1
302973,1
301091,2
301555,2
302640,2
303277,1
303479,1
300323,3
304935,2
303148,1
304927,2
304451,3
304351,2
300785,2
303618,1
303914,1
304068,1
300414,3
302281,1
302924,3
302214,2
304082,3
302693,1
300508,1
300641,2
300752,3
302981,1
300084,3
301624,1
300778,2
301678,1
301592,1
300736,2
304959,3
301502,2
301758,3
301770,1
302903,1
304797,1
304727,1
302489,1
301827,1
304928,3
300100,3
302446,1
301225,1
303109,2
303236,3
301697,1
301556,1
301135,3
301287,2
302807,2
301318,3
302286,2
302388,3
300136,1
304629,1
303922,1
302275,1
302854,1
302508,2
304700,1
302324,1
301334,1
304010,1
301940,1
304999,1
304353,1
302695,1
303627,3
302824,3
304426,2
302925,3
301048,3
300210,3
300311,1
304061,1
303511,2
302496,3
304279,1
302332,2
302774,1
300004,1
302803,2
303306,3
303176,2
302198,1
303514,3
301440,1
304277,1
303925,2
304195,1
300860,2
302926,1
300559,2
303932,2
301354,3
303117,1
300789,1
303217,1
300884,1
300445,1
301731,1
302080,1
301103,3
301755,1
301932,2
303691,1
300124,1
300963,1
301470,1
303309,2
302284,1
303006,2
301068,1
303385,3
302989,1
303611,2
301433,1
301180,1
301986,1
303243,1
302930,2
303792,1
302910,1
301960,2
304825,2
301490,1
304280,1
302144,2
303234,3
301399,1
303934,1
304182,2
302841,1
304719,1
304558,3
303400,1
303232,1
303940,1
302608,2
302515,1
304756,2
302576,1
302227,1
300270,3
302535,1
302128,2
301186,1
301408,1
301222,1
301772,1
304851,2
303892,1
304496,2
304817,1
301401,1
301888,1
304738,1
300117,2
300498,2
304312,1
303655,3
300560,1
300714,2
300208,1
301141,1
301405,1
300815,3
301182,1
303904,1
301654,1
302873,1
300539,3
304468,1
304897,1
303542,1
304939,3
301582,3
304170,1
301512,2
300940,3
300782,2
304589,1
300314,3
301957,2
303348,1
302754,1
304845,1
303082,2
302944,1
301848,1
304424,2
301689,2
304165,2
303062,1
301514,1
303811,1
303808,1
302806,3
300370,2
304289,1
300107,1
301669,2
301266,2
303418,1
301967,1
303390,1
301350,2
304876,1
304483,3
301929,2
304436,3
302283,1
304686,2
303700,2
302805,2
301116,1
303101,2
303287,3
304644,1
302405,1
300573,2
300373,2
300901,1
301256,1
300339,2
304391,1
304321,1
303753,3
302067,2
302000,2
301010,1
301384,1
302042,2
303685,3
304254,1
303839,1
302234,1
303854,2
303545,1
302029,1
303663,1
302501,2
303487,2
301367,2
304944,1
302717,1
304755,2
300929,3
300064,3
301453,2
303638,1
304362,1
301645,3
302878,1
303252,2
301804,2
304557,1
303237,3
303192,3
301975,3
302073,1
304104,3
300654,2
304525,1
301150,1
300349,1
304981,1
300251,2
300674,3
303286,3
301268,2
303283,1
303110,1
300642,1
302644,3
301221,1
302921,3
303340,2
300541,1
300334,3
300463,1
300846,3
304308,2
303686,3
300359,3
303809,1
304024,1
303546,2
302775,1
304841,1
303134,1
304512,3
301637,3
304878,1
304419,1
300520,1
303931,1
302302,1
301751,1
304492,1
301463,3
302217,2
301681,1
304290,1
304437,1
304789,2
300514,2
300605,1
301994,1
302799,1
300751,1
302776,3
304301,1
304565,1
301476,2
304868,2
304091,1
300941,2
302692,3
304269,1
300516,1
302546,1
300141,2
304422,1
303394,2
302130,2
302482,2
300008,2
300853,3
304972,3
300743,3
301503,2
303660,1
301847,1
302092,1
302542,2
302747,2
300931,1
304294,1
302175,1
301191,1
301862,1
301243,1
304064,1
300348,1
301680,1
302730,1
301015,1
304760,3
302672,1
301753,1
304337,1
300477,2
304495,2
300997,2
301487,1
303715,2
304628,2
303835,1
301098,1
304832,1
303509,3
304964,3
302220,1
301686,1
300888,1
301418,3
301965,1
301046,1
301074,2
303842,1
300352,1
302093,3
302139,1
302053,1
300964,1
302613,1
301963,3
300260,2
300180,1
301743,1
300632,1
300971,1
300068,1
301779,1
300606,2
301165,2
301009,3
303589,2
301634,3
301423,1
303410,1
301836,1
300591,2
303742,1
301102,1
304504,1
302216,3
300357,2
301716,1
302419,3
303071,2
302105,1
300250,1
304877,1
303929,1
301292,3
300902,2
301017,1
303114,1
300439,2
304080,1
302750,1
304546,3
303357,3
302781,3
301846,2
303561,2
301067,3
304191,2
301739,2
300400,1
303648,3
302397,1
304913,1
303411,1
301509,1
300842,2
302949,1
303251,1
301348,2
302384,1
301143,1
300851,1
303741,1
302155,2
301411,1
302069,1
302813,2
301799,1
300011,2
300761,1
304931,3
300609,3
301704,2
300993,2
301065,2
301863,3
301284,2
302306,1
300009,2
302363,3
304893,1
302761,1
303187,3
300694,2
303866,3
301231,3
301855,1
304075,2
301563,2
301657,3
301038,3
302099,2
303762,3
302238,3
300146,1
304039,1
304404,1
302521,1
300305,2
300140,3
302038,3
303530,2
300435,1
303206,3
301567,3
303745,2
301995,2
304197,2
301620,3
303386,1
300908,1
303984,1
304214,3
301232,1
302551,3
302183,1
303431,3
302701,1
301805,2
300711,1
302505,1
300415,1
303639,1
301070,1
300881,2
300739,2
303724,1
301250,3
301322,2
303199,1
300161,3
304793,1
302341,2
303506,3
304921,2
300043,3
302333,2
302882,3
304285,1
302861,1
301985,3
302715,1
300830,1
303369,2
303523,1
303727,3
301288,1
302218,1
303668,1
304469,2
300460,1
301868,2
301528,1
302703,1
303797,1
302612,3
302520,1
301885,1
303003,1
304071,1
303208,1
302376,2
301484,1
300394,1
303728,3
304098,3
304048,3
300429,2
304166,2
304113,1
303451,1
304343,1
303266,1
304137,1
303614,1
302851,2
303366,1
303777,1
301285,1
301540,2
301539,1
301153,3
304054,2
300721,3
303024,3
302480,2
303097,1
301496,3
301045,1
301777,1
300933,3
304818,1
302675,1
300371,1
303076,3
301882,3
304933,2
303274,2
300525,1
301845,3
302085,2
302908,1
302195,1
304732,1
303946,2
303953,1
303756,1
304572,1
304538,3
300377,2
301163,1
302929,3
300207,2
301562,2
300648,3
304955,3
302003,3
304339,2
302355,1
300794,1
302051,1
300913,2
300622,1
304862,1
303445,1
300887,1
304915,1
300740,1
303120,1
300232,2
301247,1
302573,1
304859,3
300819,1
302728,3
301083,2
302829,2
302832,2
304922,1
301549,3
300698,1
300319,1
302207,1
300803,1
303979,1
301844,1
302590,1
303088,1
301566,3
301173,2
301954,1
300378,1
304031,3
300988,2
304630,1
301267,3
304081,3
301910,2
300090,1
303370,1
304159,2
301852,1
301196,1
300707,2
302368,3
302019,2
300534,3
300236,1
303036,1
300462,3
300005,1
304126,1
303215,1
300660,1
303592,1
301120,2
304814,1
300130,1
304198,2
303426,1
303732,1
304637,3
302152,1
302164,1
301595,1
303920,1
300542,1
302867,1
303315,1
300576,1
300862,1
302300,1
304442,1
302749,3
304089,2
300882,1
304420,1
301831,2
301297,1
301538,1
304088,2
300368,3
301729,2
304870,2
301062,1
300299,1
304902,1
302601,2
302984,1
302167,1
300594,3
303861,3
303339,1
303457,1
304905,1
304052,3
303708,1
304821,1
300992,3
302937,1
302770,1
300171,2
304153,3
300040,3
300070,1
301577,3
301533,1
302488,3
303522,1
302364,1
303043,2
301452,3
300391,2
303900,3
302169,2
301838,2
303957,1
301462,2
300662,2
303488,1
303852,3
303406,1
301149,1
300192,3
303046,1
300388,1
303819,1
304222,2
302629,2
304882,1
302336,1
302485,3
304446,1
300145,1
300198,2
302859,1
303587,2
302995,2
300195,2
301784,3
302174,1
304751,2
300344,3
303888,3
301937,1
303316,1
301594,1
304537,1
303212,2
304804,2
302401,1
303850,1
302028,3
301675,1
304384,1
302936,2
304747,1
302402,3
302614,1
304106,2
302737,1
301249,2
301312,1
300889,1
304526,1
301258,1
302798,3
303351,1
303367,1
302039,3
303640,1
301343,1
301172,1
300690,2
302203,2
304519,1
301590,1
302429,2
303744,1
303068,2
302365,3
304962,1
302024,1
304457,1
302400,2
303906,1
302561,2
301736,3
301466,1
301878,1
301349,2
301806,3
302378,3
303635,1
303692,1
301866,2
303554,2
302845,3
304597,1
302486,1
300769,2
304429,1
304580,3
302088,1
304114,3
300071,1
300216,2
301444,2
301450,3
304349,1
301317,3
303461,3
303000,3
302154,3
302653,3
301901,2
304233,1
303977,1
303586,1
301337,1
301471,1
303975,3
302271,1
303331,3
300220,2
301128,2
302101,1
301104,2
301700,1
304388,3
300354,3
304274,1
301699,1
304444,3
303598,1
302885,1
304489,1
303688,3
301956,2
300356,1
304143,1
301314,1
304943,1
304692,3
301643,3
301177,3
304936,2
304750,1
302975,2
301261,1
301908,3
303672,2
301054,3
301895,1
303865,2
303151,1
303241,1
302396,2
304826,1
302714,3
302200,2
302268,3
302223,3
302529,1
304319,3
301107,1
304952,1
304045,3
302766,1
303171,2
301368,2
301648,1
303396,1
302870,1
302793,2
301928,2
300450,3
302151,2
301583,1
303636,1
304328,1
300212,3
304746,3
303938,2
300598,2
304696,1
304918,1
303030,1
301291,1
302869,2
303955,1
304929,1
302296,2
301429,1
303164,3
302148,1
302858,2
303256,3
301724,1
303160,3
300564,1
303615,2
304742,2
302170,2
304705,1
303833,2
304207,3
301933,2
301335,1
300741,1
302233,3
304898,1
301396,2
302474,2
300052,3
304620,3
303290,3
302783,1
303834,1
303190,2
304055,1
302922,2
304477,1
302883,1
302985,2
300228,2
302810,1
304611,1
304355,2
301215,1
300353,2
301718,3
304149,3
303299,1
304476,1
301214,2
300651,1
303667,2
300917,2
301682,3
303571,1
302538,3
301244,3
303231,1
301185,1
302649,2
300221,3
302788,3
300719,2
304500,1
302240,1
303374,1
303191,3
301255,1
300852,2
301711,1
302391,1
302743,3
304295,2
304978,3
303800,1
303595,1
301417,1
304969,1
302035,1
300947,1
301765,2
300128,1
301493,1
304202,3
303404,1
302564,2
300536,2
304907,3
300746,2
304365,1
300592,1
301421,1
301183,2
301481,1
302593,3
303202,3
300944,1
303818,1
304837,1
302827,2
300495,1
303758,2
304156,1
300836,2
300644,1
304332,2
302251,2
304331,1
300310,2
300055,3
304262,3
301513,1
304872,1
301993,2
304396,3
301436,2
300283,1
304834,2
304904,1
303828,1
302767,2
304900,3
301870,1
300507,1
301446,1
301464,1
304083,1
304392,1
304310,3
302107,1
302802,1
303146,3
301061,3
300621,1
303894,1
304772,1
300030,1
303140,1
302278,1
303233,2
303368,3
304416,1
303643,2
301240,1
303214,3
304556,1
303055,3
304632,2
301455,1
303968,3
303048,1
302090,1
301152,1
300513,3
302089,1
302729,1
303379,1
300679,1
301617,1
302988,3
300144,2
301713,2
300981,3
302866,3
300832,3
304381,1
303733,1
304576,1
303491,1
301633,2
303949,1
302998,1
301077,1
302331,1
300596,1
301534,3
300787,1
303469,1
302347,1
304172,1
304105,3
304190,3
300178,2
300561,3
303337,1
301778,2
304152,2
304372,3
303075,1
302165,1
303815,1
302567,1
304013,1
304764,3
304096,2
304450,3
304564,2
304808,3
301002,1
302723,2
302344,2
304693,1
303778,3
303084,1
303976,1
301387,1
304668,3
302579,2
302219,1
303296,1
300485,1
303966,1
300245,1
300472,2
302722,1
302318,2
301204,1
301636,3
300939,1
304186,1
301565,3
302677,1
300922,3
301127,3
301816,1
304456,1
303729,1
302670,2
302786,2
300796,2
302658,1
301553,1
301316,3
303948,1
304970,1
302927,2
304256,1
304264,2
304208,1
301259,2
304447,1
304740,2
303320,1
301579,1
300987,1
304612,2
302356,3
304072,3
300856,1
301053,2
303504,3
302129,1
301034,1
303103,3
301079,1
303311,2
302513,1
300389,1
302919,3
304380,1
304147,2
301683,2
304058,1
301545,2
303196,1
303387,2
303645,1
304484,2
301355,1
301839,2
303517,2
300633,2
303272,1
304787,2
301235,1
301459,2
302441,3
303763,1
302915,1
303111,1
300688,1
301702,3
301947,2
304621,2
304987,2
303564,2
302339,1
301912,1
301210,1
303512,3
304036,1
300261,1
301833,2
301650,1
302202,3
304038,1
301981,1
303859,2
302931,1
300247,1
303329,2
303107,1
302250,1
302879,3
300599,1
302856,1
301803,1
304161,1
300416,3
304316,2
303739,2
302136,2
301090,1
302321,1
304532,2
302962,2
303784,1
304465,1
301800,1
304762,1
302103,1
301320,1
301071,1
304260,1
300330,2
302710,1
302525,1
300204,1
301414,1
300214,1
302050,2
302706,1
304169,3
304100,3
302005,2
303257,2
300246,3
300115,1
303032,1
302294,3
300512,2
303801,1
301495,1
301560,1
303982,1
303102,2
301223,3
303682,1
300567,2
304263,1
303442,3
302137,1
300505,1
304938,3
304385,1
303723,3
301257,2
303045,1
302017,3
304423,2
304606,3
303917,1
304234,1
300504,1
300278,1
301840,1
303223,1
303427,1
303180,1
304510,3
304406,1
300948,2
303025,3
300116,3
300304,1
302971,3
302049,2
301200,1
300927,3
302956,3
301978,1
304680,2
300395,3
304733,1
300032,1
302543,1
302285,2
301999,3
302156,2
302197,1
301997,2
301671,3
304481,1
301357,2
304009,1
301939,3
303448,2
300715,2
301662,2
303656,1
303131,1
300968,3
303863,2
303407,1
300611,1
300748,2
300962,3
302974,1
304864,2
302815,1
303683,3
301970,1
303887,1
304306,2
304276,1
300555,1
302456,2
301156,2
301980,2
303913,1
303822,3
300766,1
301935,1
302892,3
302058,1
304701,3
304885,3
300099,1
301458,3
301315,2
302467,1
302466,1
303844,2
304638,1
301491,2
302012,1
300800,2
300231,2
300618,1
300814,2
303965,2
301369,1
303455,1
304517,2
301131,1
303035,3
304765,1
302687,1
303380,1
304176,1
303044,1
305000,2
300861,2
302465,1
303793,1
304136,1
300745,3
302418,1
303384,1
301941,1
301311,1
300206,1
303926,2
302166,1
303065,3
304995,3
302122,1
304288,2
304302,1
301276,1
302738,3
304506,2
301176,2
304386,2
302847,2
302070,1
301050,1
301242,1
304690,2
303624,2
300813,2
304636,1
303716,1
301029,2
302340,1
304515,3
300608,2
303307,2
301082,1
303824,1
303526,1
303947,2
300550,1
304452,1
301140,1
304815,2
301607,1
303754,1
300551,2
301138,1
304748,1
302473,3
304412,1
303996,1
303978,2
303089,3
301877,2
300779,1
303268,2
302825,1
301205,2
302212,1
303078,1
304267,3
303261,1
301561,1
304313,1
304026,1
301976,1
300945,2
300120,1
300492,1
301331,1
302707,1
303572,2
301815,1
303566,1
302537,2
304769,2
303901,1
301327,1
302366,2
304102,1
303271,2
303766,2
300073,2
301352,1
300869,2
303495,3
304209,3
303211,1
304110,3
300421,1
302138,1
300562,2
304238,1
302079,1
303022,1
301460,2
300659,1
301608,1
302415,2
300067,2
304886,1
302796,3
303555,1
303942,2
300079,1
300016,3
302308,1
304846,1
300535,1
300774,3
304458,1
303541,1
303220,1
301916,1
302986,1
300483,1
301612,1
304049,1
303928,1
301652,2
302943,1
302287,3
304656,1
302758,1
302112,3
300909,1
300975,3
304242,2
301400,1
301817,2
302586,1
301811,2
301443,1
303147,3
302086,1
303174,1
304626,2
300533,3
301047,1
300650,1
302880,1
304899,1
304085,2
301175,1
304220,1
301606,2
300392,1
300658,1
301664,1
303156,1
302147,2
303817,1
301478,1
303138,3
300019,1
300631,3
300675,1
304842,1
302461,1
300756,1
302307,2
304658,1
301990,3
301085,1
300282,1
301851,2
300346,3
304946,1
303128,2
302435,2
302288,1
301379,2
300259,1
303321,2
304682,3
303840,1
304178,3
302477,3
300102,1
302357,2
300257,3
301630,1
302317,1
303799,1
302076,1
304268,2
303042,2
301434,1
300720,1
303674,1
301088,1
302647,1
302335,2
303582,2
303017,2
304305,1
303262,1
304651,3
300510,1
302814,1
300995,1
301717,1
304133,2
302342,3
304579,1
301761,1
304453,3
301338,1
304648,1
304734,3
302381,1
303347,2
304117,2
300044,1
302875,1
300833,3
300465,3
300625,2
303371,2
304215,1
303910,1
302852,3
302266,3
300123,3
304029,2
300419,3
300784,1
304665,1
304002,2
303012,1
300137,1
301326,1
301383,2
300396,2
300170,2
302664,3
303031,1
301871,2
300786,1
304791,2
302390,3
303704,3
302025,1
303116,3
302507,3
302902,1
301024,2
303494,2
301526,1
303596,2
300157,1
302605,2
303016,3
302933,1
300872,1
302034,1
303874,1
302934,3
300978,1
303647,1
301706,1
301282,2
302326,1
302002,3
304792,1
304487,1
304988,3
304807,3
303525,1
304574,3
300950,1
300172,3
304855,3
301864,1
300664,2
304950,1
300185,1
300677,1
300808,1
303343,1
301525,1
301404,3
301154,3
303962,1
301073,1
301720,2
304073,1
302558,2
300569,2
304206,1
301548,3
301890,3
303867,1
301629,3
301167,3
303923,1
302026,1
300991,1
301972,1
303014,2
303061,3
302868,1
303284,3
301181,3
304534,1
302289,3
302237,1
303740,1
303990,1
301651,1
300197,1
300436,1
303617,3
303247,1
302231,2
300727,1
301588,1
302359,1
303591,2
303574,1
303752,2
302541,2
303935,3
300074,3
303285,3
304779,3
301869,1
301670,1
303707,3
300744,1
300028,1
303764,2
304982,1
302987,3
301988,1
300269,1
304300,1
303439,3
301710,3
300320,1
300057,2
303877,2
304057,1
302967,3
302045,1
304661,2
302230,1
300990,1
300387,2
300098,2
303654,3
301051,3
302712,1
303099,2
304860,2
302178,1
302210,3
301569,2
304961,3
304983,1
302215,2
302517,2
303757,3
300034,1
301823,1
300653,1
304363,1
302957,3
301674,1
300038,1
300241,1
301486,3
303943,2
300275,2
302617,1
303382,1
300194,1
300273,1
303375,3
300566,1
302844,3
303139,3
303472,3
304047,2
302509,2
303619,2
303999,1
300374,2
302996,1
302298,2
302514,1
302762,1
304297,1
303248,1
302265,1
302682,1
300382,1
304591,2
303562,1
304754,1
300585,1
302853,1
300327,1
300914,3
301973,1
300620,1
300468,2
302570,2
303172,1
304001,2
301593,2
300670,1
300867,1
303498,2
300725,1
303760,2
301705,1
300167,1
304539,1
301802,3
300139,2
301325,1
304615,3
304768,1
303709,2
302556,1
303830,1
302358,3
303027,2
300886,1
300667,1
304341,1
304906,2
302604,2
302091,1
303773,3
301482,3
304720,1
300291,1
302114,1
302899,3
300375,3
304559,1
302168,1
302362,1
301361,3
302044,1
300776,3
301192,1
302065,1
301049,1
302952,1
302920,1
302244,1
304021,1
301449,1
302004,1
300164,1
304974,3
300274,2
304838,2
302245,3
303381,2
300233,2
301044,1
300942,1
300617,1
300822,3
304016,1
303028,2
300422,1
301305,1
301274,1
303059,2
303697,2
301115,3
303460,3
302732,1
301465,1
300410,2
301161,2
304248,1
303464,1
304354,1
303883,1
301691,1
303115,1
300671,1
301902,3
303836,2
302299,1
300020,2
300058,1
302795,1
301226,1
304018,3
301306,3
300087,2
301014,1
301130,2
300234,1
303091,1
302502,2
301795,3
304103,1
301415,2
304831,3
302445,1
301752,2
302457,1
304583,3
304545,1
300474,1
304925,2
302589,3
301271,2
304015,1
301081,3
301072,3
302510,2
304470,1
304679,2
303680,1
300106,1
301783,2
301308,2
301949,1
303377,1
300229,1
300669,3
304188,1
302606,2
300001,1
302913,3
303018,2
303768,1
304012,3
301461,3
302279,2
302013,2
302370,2
304092,2
303959,1
302702,1
302549,2
304888,3
301927,2
302426,1
300770,2
304402,2
300636,1
304759,1
302979,2
304932,2
303010,1
304340,3
304725,1
302160,1
300866,3
303095,1
301740,1
303580,2
302450,1
300343,1
300114,1
304873,1
303058,2
300801,1
302504,2
302630,1
301615,1
301707,1
304891,1
302559,3
301635,1
301887,2
303726,1
301727,2
302304,1
300915,1
303361,3
303886,2
304741,2
303054,1
301762,3
304060,3
300223,1
302557,2
303832,2
302119,3
302206,3
302656,2
304272,2
300033,1
300692,1
302295,1
304101,1
300526,2
301585,1
301307,2
300329,3
303642,2
302622,3
302631,2
300018,2
304116,3
302273,1
300857,1
303899,3
301722,3
304479,1
304883,2
303413,2
301677,1
300938,2
304131,2
301883,1
300242,3
301510,1
303198,1
302890,1
303616,1
302126,1
301105,3
301822,1
302992,1
300488,1
304608,1
300133,1
300655,3
303937,2
304547,1
301558,1
300949,1
302955,1
304200,1
304600,2
300649,1
304794,1
301858,1
301647,2
301959,1
303428,1
303235,3
300188,3
304511,3
304227,2
301416,1
301744,1
301554,2
300588,1
303960,2
302261,1
302663,3
304430,3
303446,1
300501,1
300324,1
304795,2
300568,1
301431,2
300056,1
300877,2
300007,1
301059,1
302785,1
302742,3
301293,2
301159,2
302057,2
300176,3
303002,2
301075,1
301923,1
304020,3
302822,2
300697,1
303918,1
302751,2
304307,1
302252,3
303769,1
302476,1
304394,3
303812,1
304672,3
300335,1
302624,1
303183,3
304467,1
302597,1
303749,3
303912,1
303372,1
301984,2
302241,3
304017,3
300267,1
300337,3
300048,1
301194,1
301438,3
300222,2
300362,1
300097,1
303532,1
304508,3
302887,1
302846,1
304710,2
302327,1
301551,1
303292,2
303967,2
304270,3
303676,1
302382,2
303675,1
304282,1
303069,2
300286,2
303557,2
300211,2
302733,2
302181,1
301603,1
303535,3
300333,1
301006,2
301821,2
303919,3
302353,1
303040,1
302021,1
303969,1
304303,1
303334,1
300924,1
303080,1
303629,2
301907,3
304028,2
304239,1
304678,3
300082,1
302625,2
300583,1
300384,1
303254,2
304127,1
302667,2
302571,3
303858,2
300817,2
303218,3
301788,1
302188,2
302746,3
302055,3
300920,2
302495,2
302095,1
302423,3
304359,2
304418,2
303782,2
301336,2
304261,1
301087,1
304585,1
304482,3
304400,2
302064,2
304782,1
304034,2
303269,1
300762,1
301301,1
302460,3
303581,2
301238,1
303502,2
301178,1
301483,2
304911,1
304694,1
304914,2
301213,1
300758,3
301865,2
304184,1
302350,2
301039,3
302553,2
300458,1
302626,3
302361,2
300797,1
302458,1
300976,3
302646,3
303841,1
301531,2
304894,2
300503,1
301356,2
304507,2
303167,2
303878,1
304345,1
301819,3
302681,1
300713,1
302828,1
301441,1
302999,1
303278,2
303652,1
302527,1
300847,3
303964,2
301193,2
302371,1
300426,1
300771,1
304211,1
302211,1
302109,2
303145,1
302475,1
301253,1
300965,1
303795,2
304379,3
300406,2
301114,1
303364,1
302881,1
303597,2
301948,1
302104,1
303264,2
302782,2
302671,1
303864,2
301375,2
301199,1
302970,2
304584,2
301692,2
301448,1
303113,2
303081,1
303141,1
304541,1
303489,1
302818,2
303194,1
302048,3
302990,1
304329,3
300295,1
304736,1
301420,1
300919,1
300755,1
303317,3
302727,1
302001,3
301879,1
301037,1
304749,1
303798,1
304973,3
303087,3
303507,3
302161,2
300911,1
304619,2
304007,3
302651,1
300160,1
300509,1
300366,3
302874,2
302683,1
302771,3
303201,2
300572,3
300723,2
304659,2
303563,2
304433,3
302763,1
303868,3
304771,1
300530,2
304095,2
304454,2
303630,2
304945,1
301480,3
301688,2
301372,2
304265,2
304499,2
300595,1
301332,1
302637,3
300628,1
304298,2
304497,2
304112,2
303718,1
301494,3
304292,1
301605,3
302379,1
301003,1
301856,1
302581,1
304867,1
304478,1
302117,2
304649,1
304139,2
301974,1
300584,2
304217,1
303882,1
300350,1
302506,1
303995,2
304660,1
300342,1
303318,1
303476,3
301011,1
302965,1
303658,1
302947,1
302533,2
300783,1
302512,2
303267,3
304663,2
302440,1
304108,2
303972,1
304784,3
301785,3
302422,2
303226,1
301575,2
302911,3
304781,1
303360,1
303137,1
302966,1
304099,2
304037,1
302125,1
300582,1
302540,3
303122,2
302259,1
304954,1
302430,2
302040,3
304652,2
301896,2
300969,2
300268,3
301126,1
304323,3
304405,1
300047,1
302801,1
302536,1
301628,1
303796,1
301958,2
302547,2
302860,3
304613,2
300036,1
300858,1
304553,1
304916,2
304890,3
304786,3
304150,2
303402,1
301979,1
303584,2
304142,1
301000,1
302108,2
303475,1
300453,1
301745,3
300199,2
304459,1
300638,1
302061,2
304124,2
302072,1
301874,2
300328,3
303050,1
303737,1
300579,1
304097,1
301696,1
303781,1
303838,1
301568,1
300143,1
301094,1
301339,1
302735,1
304213,1
303670,1
302789,1
303590,1
303547,3
300104,1
303759,2
304360,2
302498,2
300891,2
301412,1
304401,1
303067,3
303720,1
300433,1
301685,1
304647,3
304014,1
301936,2
300129,3
301919,1
302159,2
300581,1
301945,1
300091,1
302213,1
300614,1
302607,1
304550,3
302578,1
300757,1
304811,3
302157,3
303222,1
300838,3
304284,2
300022,2
303478,1
302691,2
301841,1
303970,1
304965,2
300266,1
303053,2
300338,3
303184,1
304523,1
302530,3
301983,1
302772,2
303245,2
300557,2
301867,1
303558,1
304590,3
302010,1
303951,3
301809,1
302454,1
304979,2
304919,1
300024,2
304251,3
303456,3
304333,1
302661,1
302694,1
304980,1
303693,2
303992,3
302084,2
302889,1
300226,2
302704,1
302242,3
301598,3
301246,2
300680,1
304460,1
301676,3
304689,2
304598,1
302464,3
302800,2
303397,2
304278,3
303936,2
302865,3
300685,2
303927,1
301036,2
301121,1
300321,2
301604,1
304866,1
304473,3
304540,3
301413,1
301239,1
303573,1
304684,2
303556,2
303579,1
304790,1
301631,1
303879,1
302413,1
301709,1
302611,2
303871,1
302759,2
300854,1
303435,3
303350,1
303644,1
304903,2
300768,1
301918,3
303354,2
300665,1
303987,2
300078,1
304926,1
304194,3
301032,1
302186,2
303356,2
304395,3
301687,2
300807,1
304554,2
301625,2
303465,2
304183,1
300497,2
304505,1
302334,1
304448,1
304709,1
300486,2
301296,1
301162,2
302414,1
302834,1
302141,1
304912,1
300148,3
303529,1
301931,1
303998,1
303825,1
304185,2
301473,1
300135,3
303398,1
303363,1
300613,1
303730,1
301516,1
302923,2
304218,3
304622,1
301341,1
303961,3
300730,1
301723,2
302291,2
304463,1
300980,1
302349,1
300735,1
303537,2
302313,1
302554,1
300910,3
304941,2
303219,2
304715,1
303837,1
304871,3
301787,1
304408,3
301857,3
300165,2
300652,3
304398,1
302189,2
304985,3
301026,2
300095,1
301456,2
304087,1
302864,1
300276,3
303333,2
300961,3
303659,1
300970,1
300828,1
302323,3
303049,3
303070,1
301982,3
302961,1
304910,1
304032,3
301171,1
304798,3
301904,1
300432,2
302096,2
301365,1
303001,1
300306,3
300093,2
300042,1
301290,2
302816,2
302609,2
303275,1
304035,2
302886,1
300412,3
300793,1
302585,3
303153,1
301206,3
302247,2
301715,3
304830,1
300705,2
303701,1
300061,3
300532,2
303433,2
301644,3
301756,1
303805,3
303687,3
301264,1
301600,1
304810,2
304374,3
301111,3
304800,1
302909,1
303169,1
304861,1
302584,2
302669,3
300083,2
304560,1
304520,3
303179,1
303620,2
301989,1
304853,3
300977,2
303991,1
301485,3
302768,1
300476,3
300271,3
300281,1
304596,1
303378,2
301611,1
303981,1
301791,1
301346,1
304141,1
301759,1
303735,3
304291,2
303568,2
304618,2
302134,3
303100,3
301930,2
304403,3
304561,2
302569,1
302792,2
303326,1
303881,2
303066,1
301572,1
304155,3
303609,2
304223,2
304948,3
301934,2
304735,2
302226,1
302158,1
301520,1
300086,1
304624,1
301020,1
304889,1
304257,2
301550,1
300027,2
301265,3
301179,1
302905,1
304536,3
303578,1
302718,1
301499,1
302420,3
303415,1
304571,3
302884,3
304996,2
301522,3
303189,1
300156,1
303872,3
304824,3
304175,1
302410,3
304745,1
304000,1
303365,2
300733,3
300150,2
302354,1
301108,1
300982,1
302848,1
300571,2
301961,1
304330,2
303748,1
302074,3
301808,1
301025,1
302077,1
300676,2
301157,3
301601,1
301027,1
300399,3
301275,1
303755,3
301801,2
303813,1
300031,1
301602,1
300303,2
303853,1
304366,2
304315,1
302235,1
303119,2
301661,2
300262,2
304225,1
301043,3
300255,1
304775,3
304949,2
301203,1
304588,2
303802,1
304674,1
302367,1
303195,3
302140,1
300689,1
304645,1
304041,1
303294,3
300747,3
300691,2
304717,1
300080,1
300122,2
300896,3
304874,1
301035,1
304518,3
304847,2
300972,1
302588,3
302442,1
303034,1
301124,1
303747,3
302566,2
300553,1
300848,3
301616,3
302047,2
300427,2
304346,1
302700,2
301381,1
301302,1
304529,1
303631,1
303898,1
300874,1
303019,1
303083,2
300332,1
302778,1
301597,1
303774,2
303230,2
303242,2
301008,1
304283,1
301906,1
301310,2
302954,1
304573,1
301212,1
303649,1
300318,1
300205,1
304887,1
303524,2
301962,1
303450,1
300547,1
303093,3
300935,1
300899,1
303482,2
301110,1
304785,1
304241,1
303576,1
301769,3
304942,1
301900,3
304977,2
304174,1
304819,2
302305,1
304731,1
301810,1
300521,1
303661,1
303600,3
303575,1
304327,2
300438,3
300695,1
300478,3
302959,1
302602,1
301690,2
302492,1
303305,3
300487,1
301760,3
300147,3
304688,2
303322,1
304109,3
302258,1
302917,1
304676,1
302338,2
302599,1
301217,1
304809,1
303551,1
301303,2
302182,3
304677,1
304084,1
301063,3
303553,1
300239,2
302330,3
303444,3
303775,1
302939,1
301797,1
302720,1
303401,2
302014,2
301738,1
300051,2
300865,2
302757,2
302373,1
303821,1
304146,1
300844,1
302434,2
300190,3
300390,1
304662,3
300443,1
303594,1
303516,3
301467,1
300092,1
304439,2
300684,1
301371,1
300369,2
302320,1
303181,3
301764,3
300957,1
300984,3
300336,2
301913,2
300118,2
302329,2
302249,2
302654,1
300351,3
301667,1
302891,1
301535,2
303104,3
303944,3
304164,1
304509,1
304930,1
300312,1
301578,2
303994,1
304158,1
301342,2
302983,1
304803,2
303291,2
304393,2
301329,2
304562,1
304835,1
303816,2
300347,1
303074,3
302797,1
300876,2
303486,3
302643,2
301202,1
304224,3
302484,1
304271,3
302725,1
303282,3
303414,1
301511,2
304409,1
302686,2
302724,1
301859,3
303533,3
302616,2
300834,3
302293,1
304776,3
300574,1
301378,3
300313,2
302424,1
300489,3
301564,1
300470,3
302655,3
302190,2
302632,2
303703,1
302075,1
302580,1
301735,3
303409,1
303492,1
304076,1
300372,1
303330,1
304216,1
303225,1
301889,1
300624,1
302914,1
300077,1
300702,2
301237,1
300358,2
300493,3
303063,1
301137,3
300791,1
303662,2
302097,1
303270,2
300386,2
303038,1
302487,1
302127,2
300110,1
302248,3
304228,2
302713,3
300925,1
304022,1
300279,1
301281,1
301517,1
300772,2
300681,3
300179,1
304617,1
300059,2
301391,1
304766,1
303985,1
304976,3
304695,2
304850,2
300418,2
304266,2
301768,1
300258,1
302436,3
301659,1
300112,2
301001,1
302447,1
300937,1
301884,1
303873,1
303803,2
302721,2
302191,1
301427,2
304563,1
304474,1
302587,2
301330,2
303521,1
304595,3
300442,1
300600,1
303355,3
302469,1
300558,2
300428,2
302439,1
304435,1
303520,2
300026,2
301914,1
301169,2
301428,3
300693,3
300248,3
304253,1
304704,3
300162,1
303422,1
302236,2
302433,2
304210,1
303827,1
303950,1
302711,1
304548,1
303281,1
302448,3
300656,1
301224,1
302685,1
303915,2
304445,2
300549,2
303930,1
304984,1
302372,2
302833,1
300290,1
301151,1
300753,2
304490,1
303790,2
302322,1
302769,3
302315,1
300496,2
300829,1
302519,2
304569,1
302408,2
302452,1
303689,1
300816,3
303193,2
301100,2
304836,2
303570,1
303295,1
302360,3
301145,3
301447,2
302753,1
301726,1
304258,1
300340,1
303471,1
301757,1
300341,1
302972,2
303185,2
302739,1
300014,2
303712,2
300645,1
301872,2
300792,2
302678,1
300142,1
304051,1
302526,1
301419,2
301622,2
303603,1
304724,1
302471,1
302325,3
304336,1
303505,2
302459,3
300085,3
303500,1
304673,1
303681,2
302532,2
303941,1
303857,1
302997,3
302901,2
301497,1
301445,2
304181,2
302444,1
300166,2
303993,2
304226,3
303259,2
303902,2
303484,2
303255,2
302066,1
300683,3
302680,3
301782,1
304229,1
302791,1
303335,1
300376,1
301013,2
300646,1
304461,1
303731,1
304650,3
300479,3
302823,3
304960,1
304204,1
302699,1
302081,2
302948,2
300843,1
303273,1
302177,1
300105,2
304551,3
300293,2
300224,3
302726,1
302928,2
302427,3
304348,3
302453,1
300686,2
301850,1
300775,2
304373,2
302310,2
304320,3
301377,1
301655,1
302932,2
304196,1
304074,2
303751,1
301559,1
303585,2
303829,2
300417,1
303092,2
301230,2
303699,1
301820,3
303162,1
304077,1
304601,3
304774,2
300556,1
304702,1
304990,1
304162,2
302817,3
302668,3
301619,1
303263,1
300041,3
300845,1
302900,1
301370,3
301402,2
302451,3
304008,2
303851,1
304997,1
302421,2
302246,1
303353,2
302176,1
302052,1
301747,2
301668,2
300475,3
302811,1
301666,1
304376,3
304050,2
303412,3
303393,2
300473,3
302849,1
301546,2
304167,2
300647,1
302719,2
304438,3
304581,1
302449,3
301078,2
303820,1
301437,2
304671,2
300926,2
302071,2
301272,2
303303,1
303810,1
300619,1
302893,3
302895,3
301475,2
303408,2
304189,1
302615,3
303538,3
302545,1
300821,3
304443,1
302110,1
300050,2
304179,2
303276,1
303496,2
303298,2
300153,2
301915,1
302083,3
302662,2
304869,3
302953,3
303182,1
302820,1
300218,2
304212,1
301886,3
302904,2
301728,2
300905,3
303391,1
301134,1
303224,2
301854,1
300994,1
301252,2
301571,3
303791,1
303891,1
301714,2
302582,2
304488,1
301269,2
300710,2
303056,2
304138,1
304543,2
303432,2
301544,2
300750,1
302896,1
303086,1
300452,3
304431,3
300540,3
302620,3
300773,2
303474,3
304857,3
302022,3
301220,1
301834,1
302314,2
302500,3
300548,2
302839,1
300191,2
301385,1
302046,1
303170,1
301694,1
304358,3
300397,1
302054,2
304163,1
302380,1
300238,3
301058,3
302708,3
304434,2
300425,1
301021,3
302145,1
304681,1
301388,2
302260,2
300045,3
301829,3
301392,1
304094,1
303776,2
300089,2
302018,1
300449,3
304421,1
301398,2
302912,2
302059,1
304691,2
303301,2
301639,1
300345,1
304703,1
300385,3
302982,1
303204,1
304758,1
302479,2
301557,1
301016,1
301294,2
300447,1
303646,1
304449,3
304783,2
301703,2
303779,2
302499,1
303403,2
303342,1
304909,1
304963,2
300159,1
301746,1
302690,3
303847,1
301953,1
304471,2
302432,1
303108,2
302539,1
300405,2
304753,3
304440,1
302133,1
301775,1
304566,1
304245,3
301236,2
302135,1
300202,2
300002,3
304627,1
301390,3
302253,2
301109,2
300209,2
303593,2
303210,1
301903,1
301164,3
302876,1
303047,1
303738,1
304389,2
301197,3
304822,1
300575,2
304168,1
304940,1
303308,1
300398,1
300731,1
301591,1
301842,1
302835,2
304604,3
301122,1
303094,3
300894,2
304259,1
304599,3
304577,2
301789,2
302417,3
302033,2
304325,2
302665,3
302978,3
301892,2
302741,3
303722,1
303613,2
301621,3
300285,1
301022,1
300742,1
303543,2
304090,1
300799,1
302015,1
301166,2
302688,1
304371,3
304991,1
302935,2
304971,2
302455,1
300989,2
303349,1
302113,1
300777,1
304187,2
300538,2
301529,2
300895,1
302779,3
302269,2
304770,1
301187,1
300455,2
300039,2
300554,2
302481,1
302416,3
300127,1
302872,3
304043,3
302765,1
300855,2
301505,2
304513,2
300173,1
304654,1
302348,2
301218,3
302056,2
300607,2
301498,1
304828,1
304951,1
303980,1
303423,3
300471,2
300316,2
301898,2
304236,2
302679,3
300065,1
304908,1
302598,1
303911,2
300361,1
301189,3
300035,2
302303,1
300764,3
300081,1
303856,1
303425,2
303437,1
303265,3
304533,2
301733,1
300974,1
304901,1
304415,1
302483,1
303399,3
304432,2
302199,2
300885,1
303345,3
302548,1
304352,2
304602,2
301155,1
301097,1
304823,1
304475,2
300906,2
303696,2
301506,3
302555,1
300728,1
301969,2
301488,3
300409,1
300734,1
303467,2
301389,3
300315,1
300149,2
303163,2
300682,1
301289,1
303221,1
301824,1
301374,1
301763,1
300880,3
302462,1
303310,1
304856,2
303304,3
302194,2
301432,3
301876,3
300288,3
301479,2
302755,1
302173,1
302740,1
301640,2
300437,1
304739,3
301542,2
302472,2
301922,2
304247,1
300706,1
303665,2
300871,2
302124,1
303258,1
300818,2
302290,3
304498,1
300879,3
300967,1
301345,1
302493,1
302888,1
304616,1
304005,1
300663,2
302938,3
301968,2
300804,3
304154,2
300868,3
302684,1
303826,2
302393,1
300119,2
301147,2
300072,1
303583,1
303599,2
304767,1
300480,1
303325,2
303229,1
301837,1
303789,2
301626,1
302572,2
300015,3
303565,1
304843,1
302272,3
300709,1
300181,1
300527,1
304324,3
304425,3
304357,2
304203,1
300411,1
300749,3
303288,1
304712,1
304516,1
302784,1
300317,2
302132,1
302263,2
302843,2
303239,1
303721,3
303831,1
303862,2
302232,1
303144,1
301309,3
302842,1
300678,1
304180,1
300666,2
304317,2
302267,1
300717,1
302193,2
302577,1
303770,1
302063,1
301195,2
300643,1
300309,1
303383,1
301132,1
303786,1
304030,3
301673,1
304535,1
300431,1
302977,3
303314,1
300616,1
302180,3
300494,1
300545,2
303020,2
302163,1
302443,1
302297,1
302412,3
302262,2
300003,1
302398,3
304378,2
301425,1
300518,1
300657,3
302638,2
302634,1
303884,3
300201,2
302673,2
300363,1
303436,1
302062,2
300930,2
300196,1
304356,2
303870,1
304514,2
300898,1
304833,1
300916,1
303933,2
303293,2
304594,1
300103,2
300831,1
303166,3
303240,1
303794,1
301066,1
300529,2
302516,2
302228,1
304522,1
304370,1
302463,2
303666,1
300111,2
301040,3
300839,1
300121,1
301227,3
302600,1
300765,1
301190,2
302082,2
303869,1
300637,3
300280,1
303449,2
304193,3
301362,1
300699,1
302011,1
303908,2
302222,2
301323,2
302312,3
302383,1
301347,3
300175,1
303152,1
300932,3
302309,1
303420,1
303695,1
304177,2
302030,2
302208,1
303470,1
304065,1
304040,1
300893,2
304062,3
301708,2
303279,3
300921,3
301426,1
302596,1
301442,2
300722,3
302790,1
300959,3
303126,1
304813,1
301719,2
302036,1
304135,2
300837,2
300587,1
302375,1
300897,1
303280,2
302808,1
300451,2
304397,1
300589,1
300131,1
302187,3
300956,1
304953,3
304309,1
301501,1
304641,1
301610,3
300780,1
301112,3
303072,3
304698,1
300716,1
300578,3
300284,3
301184,1
301987,3
303711,2
300012,2
301248,1
304334,2
303205,3
300517,3
304192,1
301614,2
304296,3
304718,2
300440,3
300701,3
301386,2
301897,2
301653,3
302007,1
302027,1
303945,1
301570,2
304350,1
304407,3
302639,3
301942,1
304917,3
300499,3
303359,3
302660,1
300738,2
303004,1
300046,1
303534,3
302591,3
300076,1
303508,3
302146,1
304326,1
303746,2
300307,1
302991,2
304777,3
301129,2
304744,1
303209,1
300254,3
301018,1
303623,1
303033,1
301618,1
302115,2
302392,2
303123,1
300006,2
300235,2
301319,2
302623,2
300973,1
302764,3
300466,2
304858,2
304937,1
302562,2
302894,2
300060,3
301504,2
301056,3
303717,2
303289,3
303679,2
301069,2
300302,3
304892,1
303771,3
300639,3
300552,3
300996,1
303438,2
304993,1
303466,1
301406,1
300069,2
301170,3
303677,3
303324,1
303956,1
304848,3
300826,1
304027,1
304653,1
303419,2
302280,1
304839,2
303549,1
304466,3
300892,1
300524,2
302594,3
302674,3
303895,1
303548,1
301031,1
300174,1
302120,1
303734,1
300265,1
300013,1
302394,1
301754,2
304729,2
301125,2
301537,1
302592,2
300325,1
301295,3
301843,2
303876,1
304123,1
303924,1
302438,2
300381,3
302942,2
300168,1
300979,2
301410,1
304417,2
300300,1
303421,3
301749,1
303806,1
300864,2
303497,1
303641,2
301106,2
301321,3
304299,3
303118,1
301580,1
300593,1
300467,1
300219,3
303997,1
301750,1
301101,1
303302,3
300138,2
301909,2
302377,1
302907,1
302777,3
301270,1
302243,1
304812,1
304880,3
301596,1
301251,1
304633,1
301792,3
304544,1
300461,3
301849,3
302657,1
302123,1
304053,1
303323,2
300186,1
300640,1
302752,1
303352,1
303130,3
300189,2
301174,2
300134,1
300430,2
304368,2
303319,3
300802,2
301776,3
303973,1
300243,2
303772,3
303227,1
300244,1
302524,2
300627,3
304119,2
303939,2
300805,1
302395,3
300873,2
300998,2
301042,2
304582,1
301160,2
304609,1
304923,2
304706,3
302319,2
300704,2
301299,1
300444,2
304896,1
304128,1
303569,2
300380,3
304578,1
301207,1
304806,3
300454,1
302550,1
303622,2
301646,2
302534,1
301873,2
300446,1
304778,1
301146,3
304761,1
303096,3
303714,2
304230,1
302205,3
302239,1
300523,1
304593,3
302773,1
304958,1
303079,1
304524,3
303804,1
302941,1
304304,1
300481,2
300240,1
304322,2
304716,1
303328,1
303493,1
301508,1
302621,1
301926,3
302254,1
303341,2
302009,1
303952,2
301899,1
302150,1
304361,1
301638,3
303605,1
301407,2
304377,1
301409,2
303297,1
300724,1
304033,1
304281,3
303142,1
304125,3
304160,2
303988,1
304293,2
301543,1
303889,2
303921,1
300263,1
303178,1
302552,1
304344,3
304134,1
301430,2
302192,1
304347,1
304107,1
304603,2
304683,1
300037,2
304920,2
300301,1
304956,1
302016,2
303188,2
302068,1
302406,3
303897,2
302838,2
302037,1
304486,2
303651,2
304287,3
304314,1
300287,3
303458,1
304527,1
304610,2
300966,1
301394,1
303780,3
303157,1
300132,1
302386,1
300904,3
304070,3
304464,1
301796,3
300668,1
302837,2
303060,1
303124,2
300423,1
301353,3
300484,3
301623,2
301086,2
301721,1
301524,1
303358,1
302968,1
304244,2
301832,1
303023,3
301814,1
301679,3
302950,2
300597,2
302399,1
301518,2
303814,2
301693,1
301541,1
303750,3
302478,1
304635,1
302094,3
302149,1
301233,1
304171,2
301966,3
301825,1
300457,1
303300,3
303015,2
302428,3
302565,2
303544,1
300953,1
300502,1
304757,1
300393,1
304722,3
303690,1
301139,3
300615,1
300407,1
300469,1
303702,1
300272,3
301663,2
304957,1
301277,3
303637,3
302610,1
300875,3
302023,1
301950,3
300200,3
302264,2
302277,1
302964,1
301300,1
304115,2
300903,3
304111,2
300360,2
300506,1
300101,1
304252,1
300630,1
304966,1
303039,3
303136,2
303983,1
302270,1
304875,2
303238,2
301382,2
300890,1
302282,1
300795,1
300025,1
301992,3
303736,1
300152,3
300809,1
301734,3
302257,3
302544,2
300490,2
302897,2
303246,2
301298,2
303127,2
301632,2
300767,2
303177,1
300511,2
300918,3
300459,2
303244,2
304243,1
303710,1
301581,1
304780,3
301732,3
300367,3
303527,1
303706,2
300464,1
301280,1
304078,3
304413,1
303106,2
301587,2
302437,1
301144,1
303249,1
301005,2
301424,1
302470,2
304120,1
300623,3
301951,2
301911,1
300227,1
301944,2
301439,2
303150,1
301807,1
303684,1
304552,2
303260,1
301064,2
304657,1
302698,1
303601,2
302276,1
303705,1
302958,2
300907,2
303845,1
304737,1
303767,1
300401,1
304567,1
304148,2
304844,1
302836,3
301893,1
301742,2
302993,3
302826,1
301613,1
300732,1
302676,1
304129,1
300923,1
304721,3
301835,1
301766,2
303577,3
303531,1
304441,1
300252,1
300946,1
302635,2
300943,3
302172,1
303893,2
303559,3
302196,2
300696,1
300626,1
304118,1
303186,3
302830,1
302627,1
301142,3
303664,1
302531,1
302311,1
301891,2
304623,1
301830,1
303452,1
303843,1
304364,1
300230,2
304063,1
304640,2
303389,1
303213,2
302111,1
303540,1
301712,3
300193,3
300635,1
301730,1
301007,1
301547,1
303112,3
300936,1
301241,1
304625,3
301472,1
300184,2
300500,1
303907,1
300402,1
302960,1
300781,1
304802,2
301376,1
304827,1
300900,1
300824,3
304549,1
302819,3
303765,2
302102,1
300673,1
300726,3
302906,2
301198,1
301023,3
301952,2
301096,2
303890,1
301649,1
302642,2
301771,1
302787,2
300054,2
304881,3
302731,3
301158,1
301532,3
300125,3
303434,3
304121,3
304369,2
302744,1
302374,2
300878,1
301627,1
304675,1
304884,1
301454,1
302031,1
303197,1
301117,2
302468,1
302560,3
301188,2
303344,1
303905,1
304607,3
301030,2
300379,3
302976,2
303395,1
301219,1
300249,3
303005,2
301921,1
303848,2
302804,2
300958,1
304342,3
304428,3
303051,1
303550,3
303515,3
300951,1
301113,2
302568,3
300448,2
300491,1
303424,2
304235,1
303158,2
304462,3
300934,1
300264,1
302951,1
303916,2
303250,2
303405,1
301780,2
302060,1
300754,1
302705,2
302963,1
300612,3
300109,1
303974,1
301500,1
303519,1
303216,1
304849,1
300986,2
303846,2
300096,1
303989,1
302118,1
301359,3
302652,1
302946,2
301089,1
300237,3
304399,1
303098,3
301574,2
302337,1
301748,3
303477,1
303483,1
304367,2
304592,2
300577,1
303105,1
302020,3
300066,3
301136,1
301695,3
302831,1
303041,3
301818,1
302745,3
304387,1
303657,1
302369,3
302518,3
300355,3
303159,1
302863,1
304232,2
302734,2
301853,2
302969,3
300053,3
302648,2
302659,2
303388,2
301964,1
303392,1
303552,1
301364,1
302628,2
301344,1
302595,3
303430,1
304427,1
304986,1
303362,2
300292,2
304865,1
304311,1
304586,1
301373,1
301773,1
304852,1
304895,1
302689,1
